{"cameraMode":{"drawMode":0,"name":"Shaded","section":"Shading Mode"},"sceneLighting":true,"audioPlay":false,"sceneViewState":{"showFog":true,"showMaterialUpdate":false,"showSkybox":true,"showFlares":true,"showImageEffects":true,"showParticleSystems":true},"in2DMode":false,"pivot":{"x":3.111565351486206,"y":0.8041143417358398,"z":3.181413173675537},"rotation":{"x":-0.2980421781539917,"y":-0.26264315843582156,"z":0.08567211031913758,"w":-0.9137018918991089},"size":17.070579528808595,"orthographic":false}