{"cameraMode":{"drawMode":0,"name":"Shaded","section":"Shading Mode"},"sceneLighting":true,"audioPlay":false,"sceneViewState":{"showFog":true,"showMaterialUpdate":false,"showSkybox":true,"showFlares":true,"showImageEffects":true,"showParticleSystems":true},"in2DMode":false,"pivot":{"x":-20.989999771118165,"y":-0.12999999523162843,"z":4.039999961853027},"rotation":{"x":-0.15109750628471375,"y":0.4414537847042084,"z":-0.07569324970245362,"w":-0.8812257051467896},"size":22.0,"orthographic":false}